Mode,PeakTiltDeg,SettlingTime
No Control,24.688519187321212,
PID,19.103809403311836,5.4991149902343714
MPC,14.639509360953888,4.70075535774231
